,Image Name,Predicted Class
0,0.jpg,Vascular lesions
1,1.jpg,Benign keratosis-like lesions
2,2.jpg,Basal cell carcinoma
3,3.jpg,Benign keratosis-like lesions
4,4.jpg,Basal cell carcinoma
5,5.jpg,Melanocytic nevi
6,6.jpg,Vascular lesions
7,7.jpg,Vascular lesions
8,8.jpg,Melanocytic nevi
9,9.jpg,Basal cell carcinoma
10,10.jpg,Basal cell carcinoma
11,11.jpg,Melanocytic nevi
12,12.jpg,Vascular lesions
13,13.jpg,Basal cell carcinoma
14,14.jpg,Vascular lesions
15,15.jpg,Actinic keratoses and intraepithelial carcinoma
16,16.jpg,Melanocytic nevi
17,17.jpg,Melanoma
18,18.jpg,Melanocytic nevi
19,19.jpg,Melanocytic nevi
20,20.jpg,Melanocytic nevi
21,21.jpg,Dermatofibroma
22,22.jpg,Basal cell carcinoma
23,23.jpg,Melanocytic nevi
24,24.jpg,Benign keratosis-like lesions
25,25.jpg,Melanocytic nevi
26,26.jpg,Melanocytic nevi
27,27.jpg,Vascular lesions
28,28.jpg,Melanocytic nevi
29,29.jpg,Vascular lesions
30,30.jpg,Melanocytic nevi
31,31.jpg,Basal cell carcinoma
32,32.jpg,Vascular lesions
33,33.jpg,Melanocytic nevi
34,34.jpg,Melanocytic nevi
35,35.jpg,Actinic keratoses and intraepithelial carcinoma
36,36.jpg,Melanoma
37,37.jpg,Benign keratosis-like lesions
38,38.jpg,Actinic keratoses and intraepithelial carcinoma
39,39.jpg,Basal cell carcinoma
40,40.jpg,Basal cell carcinoma
41,41.jpg,Melanocytic nevi
42,42.jpg,Melanocytic nevi
43,43.jpg,Melanocytic nevi
44,44.jpg,Benign keratosis-like lesions
45,45.jpg,Benign keratosis-like lesions
46,46.jpg,Benign keratosis-like lesions
47,47.jpg,Benign keratosis-like lesions
48,48.jpg,Melanocytic nevi
49,49.jpg,Melanoma
50,50.jpg,Basal cell carcinoma
51,51.jpg,Vascular lesions
52,52.jpg,Vascular lesions
53,53.jpg,Vascular lesions
54,54.jpg,Melanocytic nevi
55,55.jpg,Melanocytic nevi
56,56.jpg,Basal cell carcinoma
57,57.jpg,Vascular lesions
58,58.jpg,Melanocytic nevi
59,59.jpg,Benign keratosis-like lesions
60,60.jpg,Basal cell carcinoma
61,61.jpg,Basal cell carcinoma
62,62.jpg,Vascular lesions
63,63.jpg,Basal cell carcinoma
64,64.jpg,Melanocytic nevi
65,65.jpg,Basal cell carcinoma
66,66.jpg,Melanocytic nevi
67,67.jpg,Melanocytic nevi
68,68.jpg,Actinic keratoses and intraepithelial carcinoma
69,69.jpg,Basal cell carcinoma
70,70.jpg,Benign keratosis-like lesions
71,71.jpg,Melanocytic nevi
72,72.jpg,Melanocytic nevi
73,73.jpg,Actinic keratoses and intraepithelial carcinoma
74,74.jpg,Dermatofibroma
75,75.jpg,Melanocytic nevi
76,76.jpg,Vascular lesions
77,77.jpg,Melanocytic nevi
78,78.jpg,Melanocytic nevi
79,79.jpg,Vascular lesions
80,80.jpg,Actinic keratoses and intraepithelial carcinoma
81,81.jpg,Vascular lesions
82,82.jpg,Actinic keratoses and intraepithelial carcinoma
83,83.jpg,Basal cell carcinoma
84,84.jpg,Vascular lesions
85,85.jpg,Basal cell carcinoma
86,86.jpg,Dermatofibroma
87,87.jpg,Melanocytic nevi
88,88.jpg,Melanocytic nevi
89,89.jpg,Vascular lesions
90,90.jpg,Melanocytic nevi
91,91.jpg,Melanocytic nevi
92,92.jpg,Dermatofibroma
93,93.jpg,Melanocytic nevi
94,94.jpg,Benign keratosis-like lesions
95,95.jpg,Melanocytic nevi
96,96.jpg,Benign keratosis-like lesions
97,97.jpg,Melanocytic nevi
98,98.jpg,Melanocytic nevi
99,99.jpg,Melanocytic nevi
100,100.jpg,Melanocytic nevi
101,101.jpg,Melanocytic nevi
102,102.jpg,Melanocytic nevi
103,103.jpg,Dermatofibroma
104,104.jpg,Vascular lesions
105,105.jpg,Basal cell carcinoma
106,106.jpg,Melanocytic nevi
107,107.jpg,Melanocytic nevi
108,108.jpg,Melanocytic nevi
109,109.jpg,Dermatofibroma
110,110.jpg,Basal cell carcinoma
111,111.jpg,Basal cell carcinoma
112,112.jpg,Melanocytic nevi
113,113.jpg,Basal cell carcinoma
114,114.jpg,Melanocytic nevi
115,115.jpg,Melanocytic nevi
116,116.jpg,Vascular lesions
117,117.jpg,Melanocytic nevi
118,118.jpg,Benign keratosis-like lesions
119,119.jpg,Melanocytic nevi
120,120.jpg,Melanocytic nevi
121,121.jpg,Melanocytic nevi
122,122.jpg,Melanocytic nevi
123,123.jpg,Melanocytic nevi
124,124.jpg,Melanocytic nevi
125,125.jpg,Basal cell carcinoma
126,126.jpg,Dermatofibroma
127,127.jpg,Benign keratosis-like lesions
128,128.jpg,Benign keratosis-like lesions
129,129.jpg,Benign keratosis-like lesions
130,130.jpg,Vascular lesions
131,131.jpg,Benign keratosis-like lesions
132,132.jpg,Benign keratosis-like lesions
133,133.jpg,Basal cell carcinoma
134,134.jpg,Melanocytic nevi
135,135.jpg,Melanocytic nevi
136,136.jpg,Melanocytic nevi
137,137.jpg,Vascular lesions
138,138.jpg,Vascular lesions
139,139.jpg,Melanocytic nevi
140,140.jpg,Melanocytic nevi
141,141.jpg,Benign keratosis-like lesions
142,142.jpg,Melanocytic nevi
143,143.jpg,Vascular lesions
144,144.jpg,Melanocytic nevi
145,145.jpg,Benign keratosis-like lesions
146,146.jpg,Melanocytic nevi
147,147.jpg,Melanocytic nevi
148,148.jpg,Benign keratosis-like lesions
149,149.jpg,Benign keratosis-like lesions
150,150.jpg,Basal cell carcinoma
151,151.jpg,Basal cell carcinoma
152,152.jpg,Melanocytic nevi
153,153.jpg,Benign keratosis-like lesions
154,154.jpg,Basal cell carcinoma
155,155.jpg,Vascular lesions
156,156.jpg,Melanocytic nevi
157,157.jpg,Benign keratosis-like lesions
158,158.jpg,Melanocytic nevi
159,159.jpg,Benign keratosis-like lesions
160,160.jpg,Benign keratosis-like lesions
161,161.jpg,Basal cell carcinoma
162,162.jpg,Vascular lesions
163,163.jpg,Vascular lesions
164,164.jpg,Melanocytic nevi
165,165.jpg,Basal cell carcinoma
166,166.jpg,Benign keratosis-like lesions
167,167.jpg,Vascular lesions
168,168.jpg,Basal cell carcinoma
169,169.jpg,Melanocytic nevi
170,170.jpg,Vascular lesions
171,171.jpg,Basal cell carcinoma
172,172.jpg,Melanocytic nevi
173,173.jpg,Vascular lesions
174,174.jpg,Melanocytic nevi
175,175.jpg,Melanocytic nevi
176,176.jpg,Melanocytic nevi
177,177.jpg,Melanocytic nevi
178,178.jpg,Dermatofibroma
179,179.jpg,Melanocytic nevi
180,180.jpg,Dermatofibroma
181,181.jpg,Melanocytic nevi
182,182.jpg,Melanocytic nevi
183,183.jpg,Basal cell carcinoma
184,184.jpg,Melanocytic nevi
185,185.jpg,Actinic keratoses and intraepithelial carcinoma
186,186.jpg,Melanocytic nevi
187,187.jpg,Dermatofibroma
188,188.jpg,Basal cell carcinoma
189,189.jpg,Melanocytic nevi
190,190.jpg,Melanocytic nevi
191,191.jpg,Benign keratosis-like lesions
192,192.jpg,Melanocytic nevi
193,193.jpg,Basal cell carcinoma
194,194.jpg,Vascular lesions
195,195.jpg,Basal cell carcinoma
196,196.jpg,Basal cell carcinoma
197,197.jpg,Basal cell carcinoma
198,198.jpg,Basal cell carcinoma
199,199.jpg,Melanocytic nevi
200,200.jpg,Melanocytic nevi
201,201.jpg,Melanocytic nevi
202,202.jpg,Melanoma
203,203.jpg,Vascular lesions
204,204.jpg,Basal cell carcinoma
205,205.jpg,Melanocytic nevi
206,206.jpg,Vascular lesions
207,207.jpg,Vascular lesions
208,208.jpg,Dermatofibroma
209,209.jpg,Melanocytic nevi
210,210.jpg,Vascular lesions
211,211.jpg,Melanocytic nevi
212,212.jpg,Melanocytic nevi
213,213.jpg,Vascular lesions
214,214.jpg,Basal cell carcinoma
215,215.jpg,Dermatofibroma
216,216.jpg,Melanocytic nevi
217,217.jpg,Actinic keratoses and intraepithelial carcinoma
218,218.jpg,Actinic keratoses and intraepithelial carcinoma
219,219.jpg,Melanocytic nevi
220,220.jpg,Melanocytic nevi
221,221.jpg,Melanocytic nevi
222,222.jpg,Dermatofibroma
223,223.jpg,Vascular lesions
224,224.jpg,Benign keratosis-like lesions
225,225.jpg,Actinic keratoses and intraepithelial carcinoma
226,226.jpg,Basal cell carcinoma
227,227.jpg,Benign keratosis-like lesions
228,228.jpg,Melanocytic nevi
229,229.jpg,Melanocytic nevi
230,230.jpg,Melanocytic nevi
231,231.jpg,Benign keratosis-like lesions
232,232.jpg,Actinic keratoses and intraepithelial carcinoma
233,233.jpg,Melanocytic nevi
234,234.jpg,Basal cell carcinoma
235,235.jpg,Basal cell carcinoma
236,236.jpg,Benign keratosis-like lesions
237,237.jpg,Melanoma
238,238.jpg,Melanocytic nevi
239,239.jpg,Melanocytic nevi
240,240.jpg,Benign keratosis-like lesions
241,241.jpg,Basal cell carcinoma
242,242.jpg,Melanocytic nevi
243,243.jpg,Melanocytic nevi
244,244.jpg,Benign keratosis-like lesions
245,245.jpg,Vascular lesions
246,246.jpg,Basal cell carcinoma
247,247.jpg,Melanocytic nevi
248,248.jpg,Basal cell carcinoma
249,249.jpg,Melanoma
250,250.jpg,Basal cell carcinoma
251,251.jpg,Benign keratosis-like lesions
252,252.jpg,Melanocytic nevi
253,253.jpg,Melanocytic nevi
254,254.jpg,Melanocytic nevi
255,255.jpg,Melanocytic nevi
256,256.jpg,Basal cell carcinoma
257,257.jpg,Melanocytic nevi
258,258.jpg,Vascular lesions
259,259.jpg,Benign keratosis-like lesions
260,260.jpg,Melanocytic nevi
261,261.jpg,Basal cell carcinoma
262,262.jpg,Melanocytic nevi
263,263.jpg,Basal cell carcinoma
264,264.jpg,Melanocytic nevi
265,265.jpg,Melanocytic nevi
266,266.jpg,Melanocytic nevi
267,267.jpg,Melanocytic nevi
268,268.jpg,Basal cell carcinoma
269,269.jpg,Vascular lesions
270,270.jpg,Melanocytic nevi
271,271.jpg,Melanocytic nevi
272,272.jpg,Actinic keratoses and intraepithelial carcinoma
273,273.jpg,Melanocytic nevi
274,274.jpg,Benign keratosis-like lesions
275,275.jpg,Melanocytic nevi
276,276.jpg,Melanocytic nevi
277,277.jpg,Melanocytic nevi
278,278.jpg,Basal cell carcinoma
279,279.jpg,Basal cell carcinoma
280,280.jpg,Actinic keratoses and intraepithelial carcinoma
281,281.jpg,Basal cell carcinoma
282,282.jpg,Melanocytic nevi
283,283.jpg,Basal cell carcinoma
284,284.jpg,Dermatofibroma
285,285.jpg,Basal cell carcinoma
286,286.jpg,Melanoma
287,287.jpg,Benign keratosis-like lesions
288,288.jpg,Melanocytic nevi
289,289.jpg,Melanocytic nevi
290,290.jpg,Basal cell carcinoma
291,291.jpg,Melanocytic nevi
292,292.jpg,Dermatofibroma
293,293.jpg,Basal cell carcinoma
294,294.jpg,Dermatofibroma
295,295.jpg,Basal cell carcinoma
296,296.jpg,Basal cell carcinoma
297,297.jpg,Melanocytic nevi
298,298.jpg,Melanocytic nevi
299,299.jpg,Melanocytic nevi
300,300.jpg,Vascular lesions
301,301.jpg,Melanocytic nevi
302,302.jpg,Melanocytic nevi
303,303.jpg,Melanocytic nevi
304,304.jpg,Benign keratosis-like lesions
305,305.jpg,Melanocytic nevi
306,306.jpg,Melanocytic nevi
307,307.jpg,Melanocytic nevi
308,308.jpg,Melanocytic nevi
309,309.jpg,Vascular lesions
310,310.jpg,Melanocytic nevi
311,311.jpg,Melanocytic nevi
312,312.jpg,Benign keratosis-like lesions
313,313.jpg,Vascular lesions
314,314.jpg,Melanocytic nevi
315,315.jpg,Vascular lesions
316,316.jpg,Basal cell carcinoma
317,317.jpg,Dermatofibroma
318,318.jpg,Vascular lesions
319,319.jpg,Benign keratosis-like lesions
320,320.jpg,Melanocytic nevi
321,321.jpg,Melanoma
322,322.jpg,Melanoma
323,323.jpg,Melanocytic nevi
324,324.jpg,Basal cell carcinoma
325,325.jpg,Melanocytic nevi
326,326.jpg,Melanocytic nevi
327,327.jpg,Dermatofibroma
328,328.jpg,Benign keratosis-like lesions
329,329.jpg,Dermatofibroma
330,330.jpg,Melanocytic nevi
331,331.jpg,Melanocytic nevi
332,332.jpg,Basal cell carcinoma
333,333.jpg,Vascular lesions
334,334.jpg,Melanocytic nevi
335,335.jpg,Basal cell carcinoma
336,336.jpg,Vascular lesions
337,337.jpg,Melanocytic nevi
338,338.jpg,Melanocytic nevi
339,339.jpg,Basal cell carcinoma
340,340.jpg,Basal cell carcinoma
341,341.jpg,Melanocytic nevi
342,342.jpg,Melanocytic nevi
343,343.jpg,Melanocytic nevi
344,344.jpg,Benign keratosis-like lesions
345,345.jpg,Actinic keratoses and intraepithelial carcinoma
346,346.jpg,Basal cell carcinoma
347,347.jpg,Benign keratosis-like lesions
348,348.jpg,Melanocytic nevi
349,349.jpg,Melanocytic nevi
350,350.jpg,Vascular lesions
351,351.jpg,Benign keratosis-like lesions
352,352.jpg,Melanoma
353,353.jpg,Basal cell carcinoma
354,354.jpg,Basal cell carcinoma
355,355.jpg,Basal cell carcinoma
356,356.jpg,Melanoma
357,357.jpg,Vascular lesions
358,358.jpg,Benign keratosis-like lesions
359,359.jpg,Basal cell carcinoma
360,360.jpg,Melanocytic nevi
361,361.jpg,Melanocytic nevi
362,362.jpg,Melanocytic nevi
363,363.jpg,Melanocytic nevi
364,364.jpg,Benign keratosis-like lesions
365,365.jpg,Actinic keratoses and intraepithelial carcinoma
366,366.jpg,Melanocytic nevi
367,367.jpg,Actinic keratoses and intraepithelial carcinoma
368,368.jpg,Melanocytic nevi
369,369.jpg,Melanocytic nevi
370,370.jpg,Melanoma
371,371.jpg,Melanocytic nevi
372,372.jpg,Basal cell carcinoma
373,373.jpg,Melanocytic nevi
374,374.jpg,Melanocytic nevi
375,375.jpg,Vascular lesions
376,376.jpg,Melanocytic nevi
377,377.jpg,Basal cell carcinoma
378,378.jpg,Melanocytic nevi
379,379.jpg,Melanocytic nevi
380,380.jpg,Melanocytic nevi
381,381.jpg,Basal cell carcinoma
382,382.jpg,Vascular lesions
383,383.jpg,Vascular lesions
384,384.jpg,Benign keratosis-like lesions
385,385.jpg,Melanocytic nevi
386,386.jpg,Melanocytic nevi
387,387.jpg,Vascular lesions
388,388.jpg,Benign keratosis-like lesions
389,389.jpg,Basal cell carcinoma
390,390.jpg,Basal cell carcinoma
391,391.jpg,Melanocytic nevi
392,392.jpg,Melanocytic nevi
393,393.jpg,Melanocytic nevi
394,394.jpg,Basal cell carcinoma
395,395.jpg,Vascular lesions
396,396.jpg,Melanocytic nevi
397,397.jpg,Vascular lesions
398,398.jpg,Melanocytic nevi
399,399.jpg,Dermatofibroma
400,400.jpg,Basal cell carcinoma
401,401.jpg,Melanocytic nevi
402,402.jpg,Vascular lesions
403,403.jpg,Benign keratosis-like lesions
404,404.jpg,Dermatofibroma
405,405.jpg,Basal cell carcinoma
406,406.jpg,Benign keratosis-like lesions
407,407.jpg,Benign keratosis-like lesions
408,408.jpg,Vascular lesions
409,409.jpg,Melanocytic nevi
410,410.jpg,Basal cell carcinoma
411,411.jpg,Basal cell carcinoma
412,412.jpg,Melanocytic nevi
413,413.jpg,Melanocytic nevi
414,414.jpg,Melanocytic nevi
415,415.jpg,Vascular lesions
416,416.jpg,Melanocytic nevi
417,417.jpg,Basal cell carcinoma
418,418.jpg,Dermatofibroma
419,419.jpg,Basal cell carcinoma
420,420.jpg,Basal cell carcinoma
421,421.jpg,Melanocytic nevi
422,422.jpg,Melanocytic nevi
423,423.jpg,Basal cell carcinoma
424,424.jpg,Melanoma
425,425.jpg,Melanocytic nevi
426,426.jpg,Melanocytic nevi
427,427.jpg,Basal cell carcinoma
428,428.jpg,Benign keratosis-like lesions
429,429.jpg,Melanocytic nevi
430,430.jpg,Benign keratosis-like lesions
431,431.jpg,Basal cell carcinoma
432,432.jpg,Dermatofibroma
433,433.jpg,Melanocytic nevi
434,434.jpg,Vascular lesions
435,435.jpg,Benign keratosis-like lesions
436,436.jpg,Melanocytic nevi
437,437.jpg,Basal cell carcinoma
438,438.jpg,Melanocytic nevi
439,439.jpg,Melanocytic nevi
440,440.jpg,Melanocytic nevi
441,441.jpg,Vascular lesions
442,442.jpg,Vascular lesions
443,443.jpg,Melanocytic nevi
444,444.jpg,Basal cell carcinoma
445,445.jpg,Melanocytic nevi
446,446.jpg,Benign keratosis-like lesions
447,447.jpg,Benign keratosis-like lesions
448,448.jpg,Melanocytic nevi
449,449.jpg,Melanocytic nevi
450,450.jpg,Melanocytic nevi
451,451.jpg,Melanocytic nevi
452,452.jpg,Vascular lesions
453,453.jpg,Actinic keratoses and intraepithelial carcinoma
454,454.jpg,Basal cell carcinoma
455,455.jpg,Melanocytic nevi
456,456.jpg,Melanocytic nevi
457,457.jpg,Vascular lesions
458,458.jpg,Basal cell carcinoma
459,459.jpg,Melanocytic nevi
460,460.jpg,Melanocytic nevi
461,461.jpg,Melanocytic nevi
462,462.jpg,Melanocytic nevi
463,463.jpg,Basal cell carcinoma
464,464.jpg,Basal cell carcinoma
465,465.jpg,Melanocytic nevi
466,466.jpg,Basal cell carcinoma
467,467.jpg,Melanocytic nevi
468,468.jpg,Melanocytic nevi
469,469.jpg,Basal cell carcinoma
470,470.jpg,Melanocytic nevi
471,471.jpg,Dermatofibroma
472,472.jpg,Melanocytic nevi
473,473.jpg,Benign keratosis-like lesions
474,474.jpg,Basal cell carcinoma
475,475.jpg,Vascular lesions
476,476.jpg,Basal cell carcinoma
477,477.jpg,Melanocytic nevi
478,478.jpg,Melanocytic nevi
479,479.jpg,Benign keratosis-like lesions
480,480.jpg,Melanocytic nevi
481,481.jpg,Melanocytic nevi
482,482.jpg,Melanocytic nevi
483,483.jpg,Melanocytic nevi
484,484.jpg,Basal cell carcinoma
485,485.jpg,Melanocytic nevi
486,486.jpg,Basal cell carcinoma
487,487.jpg,Actinic keratoses and intraepithelial carcinoma
488,488.jpg,Melanocytic nevi
489,489.jpg,Vascular lesions
490,490.jpg,Melanocytic nevi
491,491.jpg,Melanocytic nevi
492,492.jpg,Melanocytic nevi
493,493.jpg,Melanocytic nevi
494,494.jpg,Benign keratosis-like lesions
495,495.jpg,Basal cell carcinoma
496,496.jpg,Basal cell carcinoma
497,497.jpg,Dermatofibroma
498,498.jpg,Actinic keratoses and intraepithelial carcinoma
499,499.jpg,Melanocytic nevi
500,500.jpg,Benign keratosis-like lesions
501,501.jpg,Melanocytic nevi
502,502.jpg,Melanocytic nevi
503,503.jpg,Basal cell carcinoma
504,504.jpg,Melanocytic nevi
505,505.jpg,Melanocytic nevi
506,506.jpg,Benign keratosis-like lesions
507,507.jpg,Vascular lesions
508,508.jpg,Melanocytic nevi
509,509.jpg,Melanocytic nevi
510,510.jpg,Melanocytic nevi
511,511.jpg,Melanocytic nevi
512,512.jpg,Melanocytic nevi
513,513.jpg,Dermatofibroma
514,514.jpg,Benign keratosis-like lesions
515,515.jpg,Vascular lesions
516,516.jpg,Melanocytic nevi
517,517.jpg,Melanocytic nevi
518,518.jpg,Melanocytic nevi
519,519.jpg,Basal cell carcinoma
520,520.jpg,Basal cell carcinoma
521,521.jpg,Melanocytic nevi
522,522.jpg,Benign keratosis-like lesions
523,523.jpg,Vascular lesions
524,524.jpg,Melanocytic nevi
525,525.jpg,Benign keratosis-like lesions
526,526.jpg,Vascular lesions
527,527.jpg,Basal cell carcinoma
528,528.jpg,Benign keratosis-like lesions
529,529.jpg,Melanocytic nevi
530,530.jpg,Melanocytic nevi
531,531.jpg,Melanocytic nevi
532,532.jpg,Vascular lesions
533,533.jpg,Actinic keratoses and intraepithelial carcinoma
534,534.jpg,Melanocytic nevi
535,535.jpg,Melanocytic nevi
536,536.jpg,Basal cell carcinoma
537,537.jpg,Dermatofibroma
538,538.jpg,Benign keratosis-like lesions
539,539.jpg,Benign keratosis-like lesions
540,540.jpg,Basal cell carcinoma
541,541.jpg,Melanoma
542,542.jpg,Actinic keratoses and intraepithelial carcinoma
543,543.jpg,Basal cell carcinoma
544,544.jpg,Benign keratosis-like lesions
545,545.jpg,Basal cell carcinoma
546,546.jpg,Actinic keratoses and intraepithelial carcinoma
547,547.jpg,Dermatofibroma
548,548.jpg,Basal cell carcinoma
549,549.jpg,Melanocytic nevi
550,550.jpg,Basal cell carcinoma
551,551.jpg,Basal cell carcinoma
552,552.jpg,Basal cell carcinoma
553,553.jpg,Actinic keratoses and intraepithelial carcinoma
554,554.jpg,Melanocytic nevi
555,555.jpg,Basal cell carcinoma
556,556.jpg,Basal cell carcinoma
557,557.jpg,Melanocytic nevi
558,558.jpg,Melanocytic nevi
559,559.jpg,Melanocytic nevi
560,560.jpg,Benign keratosis-like lesions
561,561.jpg,Benign keratosis-like lesions
562,562.jpg,Basal cell carcinoma
563,563.jpg,Basal cell carcinoma
564,564.jpg,Melanocytic nevi
565,565.jpg,Basal cell carcinoma
566,566.jpg,Benign keratosis-like lesions
567,567.jpg,Actinic keratoses and intraepithelial carcinoma
568,568.jpg,Melanocytic nevi
569,569.jpg,Benign keratosis-like lesions
570,570.jpg,Basal cell carcinoma
571,571.jpg,Basal cell carcinoma
572,572.jpg,Dermatofibroma
573,573.jpg,Melanocytic nevi
574,574.jpg,Melanocytic nevi
575,575.jpg,Melanocytic nevi
576,576.jpg,Dermatofibroma
577,577.jpg,Basal cell carcinoma
578,578.jpg,Melanocytic nevi
579,579.jpg,Dermatofibroma
580,580.jpg,Melanocytic nevi
581,581.jpg,Melanocytic nevi
582,582.jpg,Melanocytic nevi
583,583.jpg,Benign keratosis-like lesions
584,584.jpg,Basal cell carcinoma
585,585.jpg,Benign keratosis-like lesions
586,586.jpg,Basal cell carcinoma
587,587.jpg,Dermatofibroma
588,588.jpg,Benign keratosis-like lesions
589,589.jpg,Melanocytic nevi
590,590.jpg,Melanocytic nevi
591,591.jpg,Melanocytic nevi
592,592.jpg,Dermatofibroma
593,593.jpg,Actinic keratoses and intraepithelial carcinoma
594,594.jpg,Melanocytic nevi
595,595.jpg,Basal cell carcinoma
596,596.jpg,Actinic keratoses and intraepithelial carcinoma
597,597.jpg,Melanocytic nevi
598,598.jpg,Actinic keratoses and intraepithelial carcinoma
599,599.jpg,Basal cell carcinoma
600,600.jpg,Basal cell carcinoma
601,601.jpg,Melanocytic nevi
602,602.jpg,Basal cell carcinoma
603,603.jpg,Actinic keratoses and intraepithelial carcinoma
604,604.jpg,Basal cell carcinoma
605,605.jpg,Dermatofibroma
606,606.jpg,Melanocytic nevi
607,607.jpg,Melanocytic nevi
608,608.jpg,Vascular lesions
609,609.jpg,Basal cell carcinoma
610,610.jpg,Benign keratosis-like lesions
611,611.jpg,Basal cell carcinoma
612,612.jpg,Melanocytic nevi
613,613.jpg,Basal cell carcinoma
614,614.jpg,Vascular lesions
615,615.jpg,Melanocytic nevi
616,616.jpg,Melanocytic nevi
617,617.jpg,Melanocytic nevi
618,618.jpg,Benign keratosis-like lesions
619,619.jpg,Vascular lesions
620,620.jpg,Basal cell carcinoma
621,621.jpg,Basal cell carcinoma
622,622.jpg,Basal cell carcinoma
623,623.jpg,Melanocytic nevi
624,624.jpg,Melanocytic nevi
625,625.jpg,Melanocytic nevi
626,626.jpg,Melanoma
627,627.jpg,Melanocytic nevi
628,628.jpg,Vascular lesions
629,629.jpg,Vascular lesions
630,630.jpg,Melanocytic nevi
631,631.jpg,Actinic keratoses and intraepithelial carcinoma
632,632.jpg,Melanocytic nevi
633,633.jpg,Basal cell carcinoma
634,634.jpg,Melanocytic nevi
635,635.jpg,Benign keratosis-like lesions
636,636.jpg,Melanocytic nevi
637,637.jpg,Benign keratosis-like lesions
638,638.jpg,Melanocytic nevi
639,639.jpg,Melanocytic nevi
640,640.jpg,Melanoma
641,641.jpg,Melanocytic nevi
642,642.jpg,Basal cell carcinoma
643,643.jpg,Dermatofibroma
644,644.jpg,Melanocytic nevi
645,645.jpg,Benign keratosis-like lesions
646,646.jpg,Melanocytic nevi
647,647.jpg,Melanocytic nevi
648,648.jpg,Basal cell carcinoma
649,649.jpg,Melanocytic nevi
650,650.jpg,Melanocytic nevi
651,651.jpg,Basal cell carcinoma
652,652.jpg,Benign keratosis-like lesions
653,653.jpg,Melanocytic nevi
654,654.jpg,Melanocytic nevi
655,655.jpg,Benign keratosis-like lesions
656,656.jpg,Melanocytic nevi
657,657.jpg,Basal cell carcinoma
658,658.jpg,Vascular lesions
659,659.jpg,Dermatofibroma
660,660.jpg,Benign keratosis-like lesions
661,661.jpg,Melanocytic nevi
662,662.jpg,Melanocytic nevi
663,663.jpg,Melanocytic nevi
664,664.jpg,Vascular lesions
665,665.jpg,Basal cell carcinoma
666,666.jpg,Melanocytic nevi
667,667.jpg,Vascular lesions
668,668.jpg,Benign keratosis-like lesions
669,669.jpg,Vascular lesions
670,670.jpg,Melanocytic nevi
671,671.jpg,Melanocytic nevi
672,672.jpg,Melanocytic nevi
673,673.jpg,Melanocytic nevi
674,674.jpg,Benign keratosis-like lesions
675,675.jpg,Dermatofibroma
676,676.jpg,Melanocytic nevi
677,677.jpg,Melanocytic nevi
678,678.jpg,Benign keratosis-like lesions
679,679.jpg,Vascular lesions
680,680.jpg,Melanocytic nevi
681,681.jpg,Benign keratosis-like lesions
682,682.jpg,Melanocytic nevi
683,683.jpg,Vascular lesions
684,684.jpg,Benign keratosis-like lesions
685,685.jpg,Basal cell carcinoma
686,686.jpg,Melanoma
687,687.jpg,Melanocytic nevi
688,688.jpg,Benign keratosis-like lesions
689,689.jpg,Vascular lesions
690,690.jpg,Basal cell carcinoma
691,691.jpg,Melanocytic nevi
692,692.jpg,Vascular lesions
693,693.jpg,Benign keratosis-like lesions
694,694.jpg,Basal cell carcinoma
695,695.jpg,Melanocytic nevi
696,696.jpg,Melanocytic nevi
697,697.jpg,Melanocytic nevi
698,698.jpg,Melanocytic nevi
699,699.jpg,Dermatofibroma
700,700.jpg,Melanocytic nevi
701,701.jpg,Benign keratosis-like lesions
702,702.jpg,Basal cell carcinoma
703,703.jpg,Actinic keratoses and intraepithelial carcinoma
704,704.jpg,Melanocytic nevi
705,705.jpg,Melanocytic nevi
706,706.jpg,Melanocytic nevi
707,707.jpg,Melanocytic nevi
708,708.jpg,Melanocytic nevi
709,709.jpg,Melanocytic nevi
710,710.jpg,Benign keratosis-like lesions
711,711.jpg,Basal cell carcinoma
712,712.jpg,Melanocytic nevi
713,713.jpg,Melanocytic nevi
714,714.jpg,Basal cell carcinoma
715,715.jpg,Dermatofibroma
716,716.jpg,Basal cell carcinoma
717,717.jpg,Benign keratosis-like lesions
718,718.jpg,Vascular lesions
719,719.jpg,Benign keratosis-like lesions
720,720.jpg,Melanocytic nevi
721,721.jpg,Melanocytic nevi
722,722.jpg,Melanocytic nevi
723,723.jpg,Basal cell carcinoma
724,724.jpg,Vascular lesions
725,725.jpg,Basal cell carcinoma
726,726.jpg,Melanocytic nevi
727,727.jpg,Melanocytic nevi
728,728.jpg,Melanocytic nevi
729,729.jpg,Basal cell carcinoma
730,730.jpg,Vascular lesions
731,731.jpg,Basal cell carcinoma
732,732.jpg,Melanocytic nevi
733,733.jpg,Benign keratosis-like lesions
734,734.jpg,Melanocytic nevi
735,735.jpg,Benign keratosis-like lesions
736,736.jpg,Basal cell carcinoma
737,737.jpg,Melanocytic nevi
738,738.jpg,Melanocytic nevi
739,739.jpg,Basal cell carcinoma
740,740.jpg,Vascular lesions
741,741.jpg,Benign keratosis-like lesions
742,742.jpg,Melanocytic nevi
743,743.jpg,Dermatofibroma
744,744.jpg,Dermatofibroma
745,745.jpg,Melanocytic nevi
746,746.jpg,Melanocytic nevi
747,747.jpg,Vascular lesions
748,748.jpg,Vascular lesions
749,749.jpg,Melanocytic nevi
750,750.jpg,Vascular lesions
751,751.jpg,Basal cell carcinoma
752,752.jpg,Dermatofibroma
753,753.jpg,Benign keratosis-like lesions
754,754.jpg,Benign keratosis-like lesions
755,755.jpg,Basal cell carcinoma
756,756.jpg,Basal cell carcinoma
757,757.jpg,Vascular lesions
758,758.jpg,Melanocytic nevi
759,759.jpg,Melanocytic nevi
760,760.jpg,Benign keratosis-like lesions
761,761.jpg,Melanocytic nevi
762,762.jpg,Benign keratosis-like lesions
763,763.jpg,Actinic keratoses and intraepithelial carcinoma
764,764.jpg,Vascular lesions
765,765.jpg,Melanoma
766,766.jpg,Benign keratosis-like lesions
767,767.jpg,Melanocytic nevi
768,768.jpg,Dermatofibroma
769,769.jpg,Vascular lesions
770,770.jpg,Melanocytic nevi
771,771.jpg,Vascular lesions
772,772.jpg,Melanocytic nevi
773,773.jpg,Dermatofibroma
774,774.jpg,Actinic keratoses and intraepithelial carcinoma
775,775.jpg,Benign keratosis-like lesions
776,776.jpg,Benign keratosis-like lesions
777,777.jpg,Basal cell carcinoma
778,778.jpg,Melanocytic nevi
779,779.jpg,Benign keratosis-like lesions
780,780.jpg,Melanocytic nevi
781,781.jpg,Dermatofibroma
782,782.jpg,Melanocytic nevi
783,783.jpg,Actinic keratoses and intraepithelial carcinoma
784,784.jpg,Benign keratosis-like lesions
785,785.jpg,Melanocytic nevi
786,786.jpg,Vascular lesions
787,787.jpg,Melanocytic nevi
788,788.jpg,Vascular lesions
789,789.jpg,Benign keratosis-like lesions
790,790.jpg,Melanocytic nevi
791,791.jpg,Dermatofibroma
792,792.jpg,Benign keratosis-like lesions
793,793.jpg,Dermatofibroma
794,794.jpg,Dermatofibroma
795,795.jpg,Basal cell carcinoma
796,796.jpg,Melanocytic nevi
797,797.jpg,Vascular lesions
798,798.jpg,Melanocytic nevi
799,799.jpg,Basal cell carcinoma
800,800.jpg,Vascular lesions
801,801.jpg,Melanocytic nevi
802,802.jpg,Melanocytic nevi
803,803.jpg,Basal cell carcinoma
804,804.jpg,Actinic keratoses and intraepithelial carcinoma
805,805.jpg,Basal cell carcinoma
806,806.jpg,Melanoma
807,807.jpg,Benign keratosis-like lesions
808,808.jpg,Melanocytic nevi
809,809.jpg,Vascular lesions
810,810.jpg,Basal cell carcinoma
811,811.jpg,Melanocytic nevi
812,812.jpg,Melanocytic nevi
813,813.jpg,Basal cell carcinoma
814,814.jpg,Vascular lesions
815,815.jpg,Basal cell carcinoma
816,816.jpg,Melanocytic nevi
817,817.jpg,Benign keratosis-like lesions
818,818.jpg,Melanocytic nevi
819,819.jpg,Melanocytic nevi
820,820.jpg,Benign keratosis-like lesions
821,821.jpg,Melanocytic nevi
822,822.jpg,Melanocytic nevi
823,823.jpg,Melanocytic nevi
824,824.jpg,Melanocytic nevi
825,825.jpg,Actinic keratoses and intraepithelial carcinoma
826,826.jpg,Melanocytic nevi
827,827.jpg,Actinic keratoses and intraepithelial carcinoma
828,828.jpg,Melanoma
829,829.jpg,Benign keratosis-like lesions
830,830.jpg,Benign keratosis-like lesions
831,831.jpg,Melanocytic nevi
832,832.jpg,Melanocytic nevi
833,833.jpg,Benign keratosis-like lesions
834,834.jpg,Dermatofibroma
835,835.jpg,Melanocytic nevi
836,836.jpg,Melanocytic nevi
837,837.jpg,Melanocytic nevi
838,838.jpg,Melanocytic nevi
839,839.jpg,Melanocytic nevi
840,840.jpg,Benign keratosis-like lesions
841,841.jpg,Melanocytic nevi
842,842.jpg,Vascular lesions
843,843.jpg,Basal cell carcinoma
844,844.jpg,Melanocytic nevi
845,845.jpg,Melanocytic nevi
846,846.jpg,Melanocytic nevi
847,847.jpg,Melanocytic nevi
848,848.jpg,Vascular lesions
849,849.jpg,Vascular lesions
850,850.jpg,Basal cell carcinoma
851,851.jpg,Vascular lesions
852,852.jpg,Melanocytic nevi
853,853.jpg,Benign keratosis-like lesions
854,854.jpg,Benign keratosis-like lesions
855,855.jpg,Melanocytic nevi
856,856.jpg,Basal cell carcinoma
857,857.jpg,Melanocytic nevi
858,858.jpg,Melanocytic nevi
859,859.jpg,Melanocytic nevi
860,860.jpg,Dermatofibroma
861,861.jpg,Basal cell carcinoma
862,862.jpg,Melanocytic nevi
863,863.jpg,Melanocytic nevi
864,864.jpg,Melanocytic nevi
865,865.jpg,Basal cell carcinoma
866,866.jpg,Melanocytic nevi
867,867.jpg,Melanocytic nevi
868,868.jpg,Melanocytic nevi
869,869.jpg,Benign keratosis-like lesions
870,870.jpg,Basal cell carcinoma
871,871.jpg,Melanocytic nevi
872,872.jpg,Melanocytic nevi
873,873.jpg,Melanocytic nevi
874,874.jpg,Melanocytic nevi
875,875.jpg,Basal cell carcinoma
876,876.jpg,Dermatofibroma
877,877.jpg,Melanocytic nevi
878,878.jpg,Benign keratosis-like lesions
879,879.jpg,Actinic keratoses and intraepithelial carcinoma
880,880.jpg,Melanocytic nevi
881,881.jpg,Benign keratosis-like lesions
882,882.jpg,Melanocytic nevi
883,883.jpg,Melanocytic nevi
884,884.jpg,Benign keratosis-like lesions
885,885.jpg,Basal cell carcinoma
886,886.jpg,Melanocytic nevi
887,887.jpg,Melanocytic nevi
888,888.jpg,Vascular lesions
889,889.jpg,Vascular lesions
890,890.jpg,Melanocytic nevi
891,891.jpg,Melanocytic nevi
892,892.jpg,Melanocytic nevi
893,893.jpg,Melanocytic nevi
894,894.jpg,Vascular lesions
895,895.jpg,Dermatofibroma
896,896.jpg,Melanocytic nevi
897,897.jpg,Vascular lesions
898,898.jpg,Dermatofibroma
899,899.jpg,Melanocytic nevi
900,900.jpg,Melanoma
901,901.jpg,Basal cell carcinoma
902,902.jpg,Benign keratosis-like lesions
903,903.jpg,Basal cell carcinoma
904,904.jpg,Basal cell carcinoma
905,905.jpg,Benign keratosis-like lesions
906,906.jpg,Vascular lesions
907,907.jpg,Vascular lesions
908,908.jpg,Benign keratosis-like lesions
909,909.jpg,Benign keratosis-like lesions
910,910.jpg,Benign keratosis-like lesions
911,911.jpg,Dermatofibroma
912,912.jpg,Benign keratosis-like lesions
913,913.jpg,Melanocytic nevi
914,914.jpg,Benign keratosis-like lesions
915,915.jpg,Melanocytic nevi
916,916.jpg,Dermatofibroma
917,917.jpg,Actinic keratoses and intraepithelial carcinoma
918,918.jpg,Vascular lesions
919,919.jpg,Melanocytic nevi
920,920.jpg,Dermatofibroma
921,921.jpg,Melanocytic nevi
922,922.jpg,Vascular lesions
923,923.jpg,Benign keratosis-like lesions
924,924.jpg,Melanocytic nevi
925,925.jpg,Basal cell carcinoma
926,926.jpg,Melanocytic nevi
927,927.jpg,Vascular lesions
928,928.jpg,Melanocytic nevi
929,929.jpg,Melanocytic nevi
930,930.jpg,Benign keratosis-like lesions
931,931.jpg,Melanocytic nevi
932,932.jpg,Dermatofibroma
933,933.jpg,Basal cell carcinoma
934,934.jpg,Melanocytic nevi
935,935.jpg,Benign keratosis-like lesions
936,936.jpg,Melanocytic nevi
937,937.jpg,Vascular lesions
938,938.jpg,Vascular lesions
939,939.jpg,Melanocytic nevi
940,940.jpg,Melanoma
941,941.jpg,Dermatofibroma
942,942.jpg,Vascular lesions
943,943.jpg,Vascular lesions
944,944.jpg,Melanocytic nevi
945,945.jpg,Vascular lesions
946,946.jpg,Basal cell carcinoma
947,947.jpg,Benign keratosis-like lesions
948,948.jpg,Basal cell carcinoma
949,949.jpg,Basal cell carcinoma
950,950.jpg,Benign keratosis-like lesions
951,951.jpg,Melanocytic nevi
952,952.jpg,Basal cell carcinoma
953,953.jpg,Melanocytic nevi
954,954.jpg,Benign keratosis-like lesions
955,955.jpg,Vascular lesions
956,956.jpg,Vascular lesions
957,957.jpg,Vascular lesions
958,958.jpg,Vascular lesions
959,959.jpg,Melanocytic nevi
960,960.jpg,Basal cell carcinoma
961,961.jpg,Dermatofibroma
962,962.jpg,Benign keratosis-like lesions
963,963.jpg,Vascular lesions
964,964.jpg,Dermatofibroma
965,965.jpg,Melanocytic nevi
966,966.jpg,Melanocytic nevi
967,967.jpg,Melanocytic nevi
968,968.jpg,Melanoma
969,969.jpg,Melanocytic nevi
970,970.jpg,Melanocytic nevi
971,971.jpg,Basal cell carcinoma
972,972.jpg,Benign keratosis-like lesions
973,973.jpg,Melanocytic nevi
974,974.jpg,Melanocytic nevi
975,975.jpg,Vascular lesions
976,976.jpg,Melanocytic nevi
977,977.jpg,Melanocytic nevi
978,978.jpg,Benign keratosis-like lesions
979,979.jpg,Melanocytic nevi
980,980.jpg,Benign keratosis-like lesions
981,981.jpg,Basal cell carcinoma
982,982.jpg,Melanocytic nevi
983,983.jpg,Melanocytic nevi
984,984.jpg,Benign keratosis-like lesions
985,985.jpg,Benign keratosis-like lesions
986,986.jpg,Benign keratosis-like lesions
987,987.jpg,Basal cell carcinoma
988,988.jpg,Benign keratosis-like lesions
989,989.jpg,Melanocytic nevi
990,990.jpg,Melanocytic nevi
991,991.jpg,Melanocytic nevi
992,992.jpg,Dermatofibroma
993,993.jpg,Vascular lesions
994,994.jpg,Vascular lesions
995,995.jpg,Melanocytic nevi
996,996.jpg,Dermatofibroma
997,997.jpg,Melanocytic nevi
998,998.jpg,Melanocytic nevi
999,999.jpg,Vascular lesions
1000,1000.jpg,Melanocytic nevi
1001,1001.jpg,Benign keratosis-like lesions
1002,1002.jpg,Actinic keratoses and intraepithelial carcinoma
1003,1003.jpg,Melanocytic nevi
1004,1004.jpg,Basal cell carcinoma
1005,1005.jpg,Melanocytic nevi
1006,1006.jpg,Melanocytic nevi
1007,1007.jpg,Benign keratosis-like lesions
1008,1008.jpg,Melanocytic nevi
1009,1009.jpg,Melanocytic nevi
1010,1010.jpg,Basal cell carcinoma
1011,1011.jpg,Melanocytic nevi
1012,1012.jpg,Melanocytic nevi
1013,1013.jpg,Melanocytic nevi
1014,1014.jpg,Basal cell carcinoma
1015,1015.jpg,Basal cell carcinoma
1016,1016.jpg,Actinic keratoses and intraepithelial carcinoma
1017,1017.jpg,Dermatofibroma
1018,1018.jpg,Dermatofibroma
1019,1019.jpg,Basal cell carcinoma
1020,1020.jpg,Melanocytic nevi
1021,1021.jpg,Vascular lesions
1022,1022.jpg,Basal cell carcinoma
1023,1023.jpg,Melanoma
1024,1024.jpg,Benign keratosis-like lesions
1025,1025.jpg,Benign keratosis-like lesions
1026,1026.jpg,Vascular lesions
1027,1027.jpg,Benign keratosis-like lesions
1028,1028.jpg,Melanocytic nevi
1029,1029.jpg,Melanocytic nevi
1030,1030.jpg,Vascular lesions
1031,1031.jpg,Melanocytic nevi
1032,1032.jpg,Benign keratosis-like lesions
1033,1033.jpg,Melanocytic nevi
1034,1034.jpg,Basal cell carcinoma
1035,1035.jpg,Melanocytic nevi
1036,1036.jpg,Vascular lesions
1037,1037.jpg,Melanocytic nevi
1038,1038.jpg,Melanocytic nevi
1039,1039.jpg,Benign keratosis-like lesions
1040,1040.jpg,Dermatofibroma
1041,1041.jpg,Basal cell carcinoma
1042,1042.jpg,Benign keratosis-like lesions
1043,1043.jpg,Dermatofibroma
1044,1044.jpg,Melanocytic nevi
1045,1045.jpg,Melanocytic nevi
1046,1046.jpg,Vascular lesions
1047,1047.jpg,Benign keratosis-like lesions
1048,1048.jpg,Basal cell carcinoma
1049,1049.jpg,Melanoma
1050,1050.jpg,Actinic keratoses and intraepithelial carcinoma
1051,1051.jpg,Melanocytic nevi
1052,1052.jpg,Melanocytic nevi
1053,1053.jpg,Actinic keratoses and intraepithelial carcinoma
1054,1054.jpg,Basal cell carcinoma
1055,1055.jpg,Benign keratosis-like lesions
1056,1056.jpg,Melanocytic nevi
1057,1057.jpg,Dermatofibroma
1058,1058.jpg,Melanocytic nevi
1059,1059.jpg,Melanocytic nevi
1060,1060.jpg,Melanocytic nevi
1061,1061.jpg,Benign keratosis-like lesions
1062,1062.jpg,Melanocytic nevi
1063,1063.jpg,Dermatofibroma
1064,1064.jpg,Vascular lesions
1065,1065.jpg,Melanocytic nevi
1066,1066.jpg,Melanocytic nevi
1067,1067.jpg,Basal cell carcinoma
1068,1068.jpg,Melanocytic nevi
1069,1069.jpg,Melanocytic nevi
1070,1070.jpg,Benign keratosis-like lesions
1071,1071.jpg,Melanocytic nevi
1072,1072.jpg,Benign keratosis-like lesions
1073,1073.jpg,Melanocytic nevi
1074,1074.jpg,Basal cell carcinoma
1075,1075.jpg,Melanocytic nevi
1076,1076.jpg,Benign keratosis-like lesions
1077,1077.jpg,Melanocytic nevi
1078,1078.jpg,Dermatofibroma
1079,1079.jpg,Melanocytic nevi
1080,1080.jpg,Basal cell carcinoma
1081,1081.jpg,Melanocytic nevi
1082,1082.jpg,Basal cell carcinoma
1083,1083.jpg,Melanocytic nevi
1084,1084.jpg,Basal cell carcinoma
1085,1085.jpg,Basal cell carcinoma
1086,1086.jpg,Basal cell carcinoma
1087,1087.jpg,Melanocytic nevi
1088,1088.jpg,Basal cell carcinoma
1089,1089.jpg,Melanocytic nevi
1090,1090.jpg,Melanocytic nevi
1091,1091.jpg,Dermatofibroma
1092,1092.jpg,Vascular lesions
1093,1093.jpg,Melanocytic nevi
1094,1094.jpg,Benign keratosis-like lesions
1095,1095.jpg,Basal cell carcinoma
1096,1096.jpg,Dermatofibroma
1097,1097.jpg,Basal cell carcinoma
1098,1098.jpg,Melanocytic nevi
1099,1099.jpg,Melanocytic nevi
1100,1100.jpg,Basal cell carcinoma
1101,1101.jpg,Vascular lesions
1102,1102.jpg,Dermatofibroma
1103,1103.jpg,Benign keratosis-like lesions
1104,1104.jpg,Melanocytic nevi
1105,1105.jpg,Melanocytic nevi
1106,1106.jpg,Basal cell carcinoma
1107,1107.jpg,Melanocytic nevi
1108,1108.jpg,Melanocytic nevi
1109,1109.jpg,Melanocytic nevi
1110,1110.jpg,Vascular lesions
1111,1111.jpg,Basal cell carcinoma
1112,1112.jpg,Actinic keratoses and intraepithelial carcinoma
1113,1113.jpg,Melanocytic nevi
1114,1114.jpg,Melanocytic nevi
1115,1115.jpg,Basal cell carcinoma
1116,1116.jpg,Basal cell carcinoma
1117,1117.jpg,Basal cell carcinoma
1118,1118.jpg,Melanocytic nevi
1119,1119.jpg,Vascular lesions
1120,1120.jpg,Basal cell carcinoma
1121,1121.jpg,Vascular lesions
1122,1122.jpg,Melanocytic nevi
1123,1123.jpg,Melanocytic nevi
1124,1124.jpg,Benign keratosis-like lesions
1125,1125.jpg,Vascular lesions
1126,1126.jpg,Vascular lesions
1127,1127.jpg,Melanocytic nevi
1128,1128.jpg,Vascular lesions
1129,1129.jpg,Basal cell carcinoma
1130,1130.jpg,Melanocytic nevi
1131,1131.jpg,Basal cell carcinoma
1132,1132.jpg,Melanoma
1133,1133.jpg,Melanocytic nevi
1134,1134.jpg,Vascular lesions
1135,1135.jpg,Vascular lesions
1136,1136.jpg,Vascular lesions
1137,1137.jpg,Melanocytic nevi
1138,1138.jpg,Basal cell carcinoma
1139,1139.jpg,Vascular lesions
1140,1140.jpg,Basal cell carcinoma
1141,1141.jpg,Melanocytic nevi
1142,1142.jpg,Melanoma
1143,1143.jpg,Benign keratosis-like lesions
1144,1144.jpg,Melanocytic nevi
1145,1145.jpg,Melanocytic nevi
1146,1146.jpg,Melanocytic nevi
1147,1147.jpg,Basal cell carcinoma
1148,1148.jpg,Melanocytic nevi
1149,1149.jpg,Vascular lesions
1150,1150.jpg,Dermatofibroma
1151,1151.jpg,Melanocytic nevi
1152,1152.jpg,Melanocytic nevi
1153,1153.jpg,Vascular lesions
1154,1154.jpg,Dermatofibroma
1155,1155.jpg,Actinic keratoses and intraepithelial carcinoma
1156,1156.jpg,Melanocytic nevi
1157,1157.jpg,Vascular lesions
1158,1158.jpg,Benign keratosis-like lesions
1159,1159.jpg,Benign keratosis-like lesions
1160,1160.jpg,Vascular lesions
1161,1161.jpg,Basal cell carcinoma
1162,1162.jpg,Melanocytic nevi
1163,1163.jpg,Benign keratosis-like lesions
1164,1164.jpg,Melanocytic nevi
1165,1165.jpg,Dermatofibroma
1166,1166.jpg,Basal cell carcinoma
1167,1167.jpg,Benign keratosis-like lesions
1168,1168.jpg,Actinic keratoses and intraepithelial carcinoma
1169,1169.jpg,Melanocytic nevi
1170,1170.jpg,Basal cell carcinoma
1171,1171.jpg,Melanocytic nevi
1172,1172.jpg,Benign keratosis-like lesions
1173,1173.jpg,Vascular lesions
1174,1174.jpg,Melanoma
1175,1175.jpg,Basal cell carcinoma
1176,1176.jpg,Melanocytic nevi
1177,1177.jpg,Melanocytic nevi
1178,1178.jpg,Melanocytic nevi
1179,1179.jpg,Basal cell carcinoma
1180,1180.jpg,Melanocytic nevi
1181,1181.jpg,Melanocytic nevi
1182,1182.jpg,Dermatofibroma
1183,1183.jpg,Melanocytic nevi
1184,1184.jpg,Basal cell carcinoma
1185,1185.jpg,Melanocytic nevi
1186,1186.jpg,Melanocytic nevi
1187,1187.jpg,Benign keratosis-like lesions
1188,1188.jpg,Melanocytic nevi
1189,1189.jpg,Dermatofibroma
1190,1190.jpg,Basal cell carcinoma
1191,1191.jpg,Actinic keratoses and intraepithelial carcinoma
1192,1192.jpg,Melanocytic nevi
1193,1193.jpg,Benign keratosis-like lesions
1194,1194.jpg,Melanocytic nevi
1195,1195.jpg,Melanocytic nevi
1196,1196.jpg,Melanocytic nevi
1197,1197.jpg,Melanocytic nevi
1198,1198.jpg,Benign keratosis-like lesions
1199,1199.jpg,Dermatofibroma
1200,1200.jpg,Melanocytic nevi
1201,1201.jpg,Melanocytic nevi
1202,1202.jpg,Melanocytic nevi
1203,1203.jpg,Benign keratosis-like lesions
1204,1204.jpg,Melanocytic nevi
1205,1205.jpg,Benign keratosis-like lesions
1206,1206.jpg,Basal cell carcinoma
1207,1207.jpg,Vascular lesions
1208,1208.jpg,Melanocytic nevi
1209,1209.jpg,Vascular lesions
1210,1210.jpg,Vascular lesions
1211,1211.jpg,Melanocytic nevi
1212,1212.jpg,Vascular lesions
1213,1213.jpg,Melanocytic nevi
1214,1214.jpg,Actinic keratoses and intraepithelial carcinoma
1215,1215.jpg,Melanocytic nevi
1216,1216.jpg,Basal cell carcinoma
1217,1217.jpg,Melanocytic nevi
1218,1218.jpg,Vascular lesions
1219,1219.jpg,Vascular lesions
1220,1220.jpg,Vascular lesions
1221,1221.jpg,Actinic keratoses and intraepithelial carcinoma
1222,1222.jpg,Basal cell carcinoma
1223,1223.jpg,Benign keratosis-like lesions
1224,1224.jpg,Basal cell carcinoma
1225,1225.jpg,Benign keratosis-like lesions
1226,1226.jpg,Basal cell carcinoma
1227,1227.jpg,Benign keratosis-like lesions
1228,1228.jpg,Basal cell carcinoma
1229,1229.jpg,Melanocytic nevi
1230,1230.jpg,Vascular lesions
1231,1231.jpg,Melanocytic nevi
1232,1232.jpg,Benign keratosis-like lesions
1233,1233.jpg,Melanocytic nevi
1234,1234.jpg,Melanocytic nevi
1235,1235.jpg,Vascular lesions
1236,1236.jpg,Dermatofibroma
1237,1237.jpg,Dermatofibroma
1238,1238.jpg,Benign keratosis-like lesions
1239,1239.jpg,Melanocytic nevi
1240,1240.jpg,Melanocytic nevi
1241,1241.jpg,Basal cell carcinoma
1242,1242.jpg,Melanocytic nevi
1243,1243.jpg,Melanocytic nevi
1244,1244.jpg,Melanocytic nevi
1245,1245.jpg,Melanocytic nevi
1246,1246.jpg,Melanocytic nevi
1247,1247.jpg,Melanocytic nevi
1248,1248.jpg,Melanocytic nevi
1249,1249.jpg,Melanocytic nevi
1250,1250.jpg,Basal cell carcinoma
1251,1251.jpg,Dermatofibroma
1252,1252.jpg,Vascular lesions
1253,1253.jpg,Melanocytic nevi
1254,1254.jpg,Melanocytic nevi
1255,1255.jpg,Melanocytic nevi
1256,1256.jpg,Melanocytic nevi
1257,1257.jpg,Melanocytic nevi
1258,1258.jpg,Melanocytic nevi
1259,1259.jpg,Melanocytic nevi
1260,1260.jpg,Actinic keratoses and intraepithelial carcinoma
1261,1261.jpg,Melanocytic nevi
1262,1262.jpg,Melanocytic nevi
1263,1263.jpg,Benign keratosis-like lesions
1264,1264.jpg,Basal cell carcinoma
1265,1265.jpg,Basal cell carcinoma
1266,1266.jpg,Melanocytic nevi
1267,1267.jpg,Dermatofibroma
1268,1268.jpg,Vascular lesions
1269,1269.jpg,Melanocytic nevi
1270,1270.jpg,Vascular lesions
1271,1271.jpg,Benign keratosis-like lesions
1272,1272.jpg,Melanocytic nevi
1273,1273.jpg,Basal cell carcinoma
1274,1274.jpg,Melanocytic nevi
1275,1275.jpg,Melanocytic nevi
1276,1276.jpg,Dermatofibroma
1277,1277.jpg,Actinic keratoses and intraepithelial carcinoma
1278,1278.jpg,Vascular lesions
1279,1279.jpg,Basal cell carcinoma
1280,1280.jpg,Basal cell carcinoma
1281,1281.jpg,Basal cell carcinoma
1282,1282.jpg,Melanocytic nevi
1283,1283.jpg,Benign keratosis-like lesions
1284,1284.jpg,Vascular lesions
1285,1285.jpg,Melanocytic nevi
1286,1286.jpg,Basal cell carcinoma
1287,1287.jpg,Benign keratosis-like lesions
1288,1288.jpg,Basal cell carcinoma
1289,1289.jpg,Benign keratosis-like lesions
1290,1290.jpg,Melanocytic nevi
1291,1291.jpg,Melanocytic nevi
1292,1292.jpg,Melanocytic nevi
1293,1293.jpg,Basal cell carcinoma
1294,1294.jpg,Dermatofibroma
1295,1295.jpg,Melanocytic nevi
1296,1296.jpg,Melanocytic nevi
1297,1297.jpg,Vascular lesions
1298,1298.jpg,Melanocytic nevi
1299,1299.jpg,Melanocytic nevi
1300,1300.jpg,Dermatofibroma
1301,1301.jpg,Benign keratosis-like lesions
1302,1302.jpg,Melanocytic nevi
1303,1303.jpg,Dermatofibroma
1304,1304.jpg,Basal cell carcinoma
1305,1305.jpg,Basal cell carcinoma
1306,1306.jpg,Melanocytic nevi
1307,1307.jpg,Melanocytic nevi
1308,1308.jpg,Basal cell carcinoma
1309,1309.jpg,Melanocytic nevi
1310,1310.jpg,Melanocytic nevi
1311,1311.jpg,Melanocytic nevi
1312,1312.jpg,Actinic keratoses and intraepithelial carcinoma
1313,1313.jpg,Melanocytic nevi
1314,1314.jpg,Basal cell carcinoma
1315,1315.jpg,Basal cell carcinoma
1316,1316.jpg,Actinic keratoses and intraepithelial carcinoma
1317,1317.jpg,Basal cell carcinoma
1318,1318.jpg,Vascular lesions
1319,1319.jpg,Benign keratosis-like lesions
1320,1320.jpg,Melanocytic nevi
1321,1321.jpg,Benign keratosis-like lesions
1322,1322.jpg,Actinic keratoses and intraepithelial carcinoma
1323,1323.jpg,Vascular lesions
1324,1324.jpg,Benign keratosis-like lesions
1325,1325.jpg,Melanocytic nevi
1326,1326.jpg,Benign keratosis-like lesions
1327,1327.jpg,Melanocytic nevi
1328,1328.jpg,Benign keratosis-like lesions
1329,1329.jpg,Basal cell carcinoma
1330,1330.jpg,Melanocytic nevi
1331,1331.jpg,Melanocytic nevi
1332,1332.jpg,Basal cell carcinoma
1333,1333.jpg,Basal cell carcinoma
1334,1334.jpg,Melanocytic nevi
1335,1335.jpg,Melanocytic nevi
1336,1336.jpg,Vascular lesions
1337,1337.jpg,Melanocytic nevi
1338,1338.jpg,Benign keratosis-like lesions
1339,1339.jpg,Melanocytic nevi
1340,1340.jpg,Actinic keratoses and intraepithelial carcinoma
1341,1341.jpg,Benign keratosis-like lesions
1342,1342.jpg,Benign keratosis-like lesions
1343,1343.jpg,Benign keratosis-like lesions
1344,1344.jpg,Melanocytic nevi
1345,1345.jpg,Benign keratosis-like lesions
1346,1346.jpg,Melanocytic nevi
1347,1347.jpg,Actinic keratoses and intraepithelial carcinoma
1348,1348.jpg,Actinic keratoses and intraepithelial carcinoma
1349,1349.jpg,Basal cell carcinoma
1350,1350.jpg,Melanocytic nevi
1351,1351.jpg,Melanocytic nevi
1352,1352.jpg,Dermatofibroma
1353,1353.jpg,Melanocytic nevi
1354,1354.jpg,Basal cell carcinoma
1355,1355.jpg,Melanocytic nevi
1356,1356.jpg,Melanocytic nevi
1357,1357.jpg,Melanocytic nevi
1358,1358.jpg,Vascular lesions
1359,1359.jpg,Basal cell carcinoma
1360,1360.jpg,Basal cell carcinoma
1361,1361.jpg,Melanocytic nevi
1362,1362.jpg,Benign keratosis-like lesions
1363,1363.jpg,Actinic keratoses and intraepithelial carcinoma
1364,1364.jpg,Melanoma
1365,1365.jpg,Melanocytic nevi
1366,1366.jpg,Melanocytic nevi
1367,1367.jpg,Benign keratosis-like lesions
1368,1368.jpg,Dermatofibroma
1369,1369.jpg,Basal cell carcinoma
1370,1370.jpg,Melanocytic nevi
1371,1371.jpg,Melanocytic nevi
1372,1372.jpg,Dermatofibroma
1373,1373.jpg,Melanocytic nevi
1374,1374.jpg,Basal cell carcinoma
1375,1375.jpg,Basal cell carcinoma
1376,1376.jpg,Melanocytic nevi
1377,1377.jpg,Dermatofibroma
1378,1378.jpg,Melanocytic nevi
1379,1379.jpg,Vascular lesions
1380,1380.jpg,Dermatofibroma
1381,1381.jpg,Basal cell carcinoma
1382,1382.jpg,Melanocytic nevi
1383,1383.jpg,Basal cell carcinoma
1384,1384.jpg,Basal cell carcinoma
1385,1385.jpg,Actinic keratoses and intraepithelial carcinoma
1386,1386.jpg,Basal cell carcinoma
1387,1387.jpg,Melanocytic nevi
1388,1388.jpg,Melanocytic nevi
1389,1389.jpg,Melanocytic nevi
1390,1390.jpg,Melanocytic nevi
1391,1391.jpg,Vascular lesions
1392,1392.jpg,Vascular lesions
1393,1393.jpg,Basal cell carcinoma
1394,1394.jpg,Melanocytic nevi
1395,1395.jpg,Basal cell carcinoma
1396,1396.jpg,Basal cell carcinoma
1397,1397.jpg,Vascular lesions
1398,1398.jpg,Melanocytic nevi
1399,1399.jpg,Melanocytic nevi
1400,1400.jpg,Melanocytic nevi
1401,1401.jpg,Melanocytic nevi
1402,1402.jpg,Melanocytic nevi
1403,1403.jpg,Benign keratosis-like lesions
1404,1404.jpg,Melanocytic nevi
1405,1405.jpg,Vascular lesions
1406,1406.jpg,Melanocytic nevi
1407,1407.jpg,Benign keratosis-like lesions
1408,1408.jpg,Vascular lesions
1409,1409.jpg,Benign keratosis-like lesions
1410,1410.jpg,Melanocytic nevi
1411,1411.jpg,Melanocytic nevi
1412,1412.jpg,Benign keratosis-like lesions
1413,1413.jpg,Melanocytic nevi
1414,1414.jpg,Melanocytic nevi
1415,1415.jpg,Basal cell carcinoma
1416,1416.jpg,Basal cell carcinoma
1417,1417.jpg,Melanoma
1418,1418.jpg,Vascular lesions
1419,1419.jpg,Basal cell carcinoma
1420,1420.jpg,Melanocytic nevi
1421,1421.jpg,Melanocytic nevi
1422,1422.jpg,Melanocytic nevi
1423,1423.jpg,Actinic keratoses and intraepithelial carcinoma
1424,1424.jpg,Benign keratosis-like lesions
1425,1425.jpg,Vascular lesions
1426,1426.jpg,Actinic keratoses and intraepithelial carcinoma
1427,1427.jpg,Dermatofibroma
1428,1428.jpg,Vascular lesions
1429,1429.jpg,Vascular lesions
1430,1430.jpg,Melanoma
1431,1431.jpg,Vascular lesions
1432,1432.jpg,Melanocytic nevi
1433,1433.jpg,Basal cell carcinoma
1434,1434.jpg,Melanocytic nevi
1435,1435.jpg,Benign keratosis-like lesions
1436,1436.jpg,Actinic keratoses and intraepithelial carcinoma
1437,1437.jpg,Melanocytic nevi
1438,1438.jpg,Basal cell carcinoma
1439,1439.jpg,Melanocytic nevi
1440,1440.jpg,Dermatofibroma
1441,1441.jpg,Benign keratosis-like lesions
1442,1442.jpg,Vascular lesions
1443,1443.jpg,Vascular lesions
1444,1444.jpg,Actinic keratoses and intraepithelial carcinoma
1445,1445.jpg,Melanocytic nevi
1446,1446.jpg,Melanocytic nevi
1447,1447.jpg,Benign keratosis-like lesions
1448,1448.jpg,Basal cell carcinoma
1449,1449.jpg,Actinic keratoses and intraepithelial carcinoma
1450,1450.jpg,Melanocytic nevi
1451,1451.jpg,Melanocytic nevi
1452,1452.jpg,Melanocytic nevi
1453,1453.jpg,Actinic keratoses and intraepithelial carcinoma
1454,1454.jpg,Vascular lesions
1455,1455.jpg,Basal cell carcinoma
1456,1456.jpg,Vascular lesions
1457,1457.jpg,Basal cell carcinoma
1458,1458.jpg,Basal cell carcinoma
1459,1459.jpg,Benign keratosis-like lesions
1460,1460.jpg,Actinic keratoses and intraepithelial carcinoma
1461,1461.jpg,Benign keratosis-like lesions
1462,1462.jpg,Benign keratosis-like lesions
1463,1463.jpg,Melanocytic nevi
1464,1464.jpg,Melanocytic nevi
1465,1465.jpg,Vascular lesions
1466,1466.jpg,Melanocytic nevi
1467,1467.jpg,Melanocytic nevi
1468,1468.jpg,Melanocytic nevi
1469,1469.jpg,Benign keratosis-like lesions
1470,1470.jpg,Basal cell carcinoma
1471,1471.jpg,Melanocytic nevi
1472,1472.jpg,Dermatofibroma
1473,1473.jpg,Basal cell carcinoma
1474,1474.jpg,Melanocytic nevi
1475,1475.jpg,Benign keratosis-like lesions
1476,1476.jpg,Vascular lesions
1477,1477.jpg,Melanocytic nevi
1478,1478.jpg,Basal cell carcinoma
1479,1479.jpg,Vascular lesions
1480,1480.jpg,Melanocytic nevi
1481,1481.jpg,Melanocytic nevi
1482,1482.jpg,Melanocytic nevi
1483,1483.jpg,Melanocytic nevi
1484,1484.jpg,Vascular lesions
1485,1485.jpg,Melanocytic nevi
1486,1486.jpg,Melanocytic nevi
1487,1487.jpg,Basal cell carcinoma
1488,1488.jpg,Dermatofibroma
1489,1489.jpg,Vascular lesions
1490,1490.jpg,Melanocytic nevi
1491,1491.jpg,Benign keratosis-like lesions
1492,1492.jpg,Vascular lesions
1493,1493.jpg,Melanocytic nevi
1494,1494.jpg,Basal cell carcinoma
1495,1495.jpg,Benign keratosis-like lesions
1496,1496.jpg,Melanocytic nevi
1497,1497.jpg,Melanocytic nevi
1498,1498.jpg,Benign keratosis-like lesions
1499,1499.jpg,Melanocytic nevi
1500,1500.jpg,Melanocytic nevi
1501,1501.jpg,Melanocytic nevi
1502,1502.jpg,Melanocytic nevi
1503,1503.jpg,Melanocytic nevi
1504,1504.jpg,Vascular lesions
1505,1505.jpg,Melanocytic nevi
1506,1506.jpg,Actinic keratoses and intraepithelial carcinoma
1507,1507.jpg,Melanocytic nevi
1508,1508.jpg,Melanocytic nevi
1509,1509.jpg,Melanocytic nevi
1510,1510.jpg,Dermatofibroma
1511,1511.jpg,Dermatofibroma
1512,1512.jpg,Basal cell carcinoma
1513,1513.jpg,Melanocytic nevi
1514,1514.jpg,Basal cell carcinoma
1515,1515.jpg,Melanocytic nevi
1516,1516.jpg,Benign keratosis-like lesions
1517,1517.jpg,Vascular lesions
1518,1518.jpg,Melanocytic nevi
1519,1519.jpg,Melanocytic nevi
1520,1520.jpg,Basal cell carcinoma
1521,1521.jpg,Actinic keratoses and intraepithelial carcinoma
1522,1522.jpg,Benign keratosis-like lesions
1523,1523.jpg,Vascular lesions
1524,1524.jpg,Vascular lesions
1525,1525.jpg,Benign keratosis-like lesions
1526,1526.jpg,Basal cell carcinoma
1527,1527.jpg,Vascular lesions
1528,1528.jpg,Melanocytic nevi
1529,1529.jpg,Melanoma
1530,1530.jpg,Melanocytic nevi
1531,1531.jpg,Benign keratosis-like lesions
1532,1532.jpg,Benign keratosis-like lesions
1533,1533.jpg,Melanocytic nevi
1534,1534.jpg,Melanocytic nevi
1535,1535.jpg,Melanocytic nevi
1536,1536.jpg,Melanocytic nevi
1537,1537.jpg,Vascular lesions
1538,1538.jpg,Melanocytic nevi
1539,1539.jpg,Melanocytic nevi
1540,1540.jpg,Vascular lesions
1541,1541.jpg,Benign keratosis-like lesions
1542,1542.jpg,Vascular lesions
1543,1543.jpg,Basal cell carcinoma
1544,1544.jpg,Vascular lesions
1545,1545.jpg,Melanocytic nevi
1546,1546.jpg,Vascular lesions
1547,1547.jpg,Melanoma
1548,1548.jpg,Melanocytic nevi
1549,1549.jpg,Melanocytic nevi
1550,1550.jpg,Melanocytic nevi
1551,1551.jpg,Benign keratosis-like lesions
1552,1552.jpg,Benign keratosis-like lesions
1553,1553.jpg,Dermatofibroma
1554,1554.jpg,Benign keratosis-like lesions
1555,1555.jpg,Dermatofibroma
1556,1556.jpg,Melanocytic nevi
1557,1557.jpg,Benign keratosis-like lesions
1558,1558.jpg,Dermatofibroma
1559,1559.jpg,Melanocytic nevi
1560,1560.jpg,Melanocytic nevi
1561,1561.jpg,Benign keratosis-like lesions
1562,1562.jpg,Benign keratosis-like lesions
1563,1563.jpg,Vascular lesions
1564,1564.jpg,Benign keratosis-like lesions
1565,1565.jpg,Vascular lesions
1566,1566.jpg,Vascular lesions
1567,1567.jpg,Basal cell carcinoma
1568,1568.jpg,Melanocytic nevi
1569,1569.jpg,Melanocytic nevi
1570,1570.jpg,Melanocytic nevi
1571,1571.jpg,Melanocytic nevi
1572,1572.jpg,Actinic keratoses and intraepithelial carcinoma
1573,1573.jpg,Vascular lesions
1574,1574.jpg,Melanocytic nevi
1575,1575.jpg,Dermatofibroma
1576,1576.jpg,Benign keratosis-like lesions
1577,1577.jpg,Melanocytic nevi
1578,1578.jpg,Basal cell carcinoma
1579,1579.jpg,Melanocytic nevi
1580,1580.jpg,Vascular lesions
1581,1581.jpg,Melanocytic nevi
1582,1582.jpg,Benign keratosis-like lesions
1583,1583.jpg,Melanocytic nevi
1584,1584.jpg,Melanocytic nevi
1585,1585.jpg,Dermatofibroma
1586,1586.jpg,Dermatofibroma
1587,1587.jpg,Basal cell carcinoma
1588,1588.jpg,Melanocytic nevi
1589,1589.jpg,Melanocytic nevi
1590,1590.jpg,Basal cell carcinoma
1591,1591.jpg,Melanocytic nevi
1592,1592.jpg,Dermatofibroma
1593,1593.jpg,Melanocytic nevi
1594,1594.jpg,Vascular lesions
1595,1595.jpg,Benign keratosis-like lesions
1596,1596.jpg,Basal cell carcinoma
1597,1597.jpg,Melanocytic nevi
1598,1598.jpg,Melanoma
1599,1599.jpg,Vascular lesions
1600,1600.jpg,Dermatofibroma
1601,1601.jpg,Vascular lesions
1602,1602.jpg,Basal cell carcinoma
1603,1603.jpg,Benign keratosis-like lesions
1604,1604.jpg,Vascular lesions
1605,1605.jpg,Melanocytic nevi
1606,1606.jpg,Actinic keratoses and intraepithelial carcinoma
1607,1607.jpg,Actinic keratoses and intraepithelial carcinoma
1608,1608.jpg,Vascular lesions
1609,1609.jpg,Basal cell carcinoma
1610,1610.jpg,Melanoma
1611,1611.jpg,Vascular lesions
1612,1612.jpg,Vascular lesions
1613,1613.jpg,Melanocytic nevi
1614,1614.jpg,Basal cell carcinoma
1615,1615.jpg,Basal cell carcinoma
1616,1616.jpg,Basal cell carcinoma
1617,1617.jpg,Melanocytic nevi
1618,1618.jpg,Benign keratosis-like lesions
1619,1619.jpg,Benign keratosis-like lesions
1620,1620.jpg,Melanocytic nevi
1621,1621.jpg,Melanocytic nevi
1622,1622.jpg,Vascular lesions
1623,1623.jpg,Melanocytic nevi
1624,1624.jpg,Dermatofibroma
1625,1625.jpg,Melanocytic nevi
1626,1626.jpg,Melanocytic nevi
1627,1627.jpg,Melanocytic nevi
1628,1628.jpg,Benign keratosis-like lesions
1629,1629.jpg,Dermatofibroma
1630,1630.jpg,Melanocytic nevi
1631,1631.jpg,Melanocytic nevi
1632,1632.jpg,Melanocytic nevi
1633,1633.jpg,Melanocytic nevi
1634,1634.jpg,Vascular lesions
1635,1635.jpg,Melanocytic nevi
1636,1636.jpg,Dermatofibroma
1637,1637.jpg,Melanocytic nevi
1638,1638.jpg,Vascular lesions
1639,1639.jpg,Melanocytic nevi
1640,1640.jpg,Melanocytic nevi
1641,1641.jpg,Benign keratosis-like lesions
1642,1642.jpg,Basal cell carcinoma
1643,1643.jpg,Melanocytic nevi
1644,1644.jpg,Basal cell carcinoma
1645,1645.jpg,Basal cell carcinoma
1646,1646.jpg,Vascular lesions
1647,1647.jpg,Melanocytic nevi
1648,1648.jpg,Melanoma
1649,1649.jpg,Basal cell carcinoma
1650,1650.jpg,Melanocytic nevi
1651,1651.jpg,Benign keratosis-like lesions
1652,1652.jpg,Basal cell carcinoma
1653,1653.jpg,Melanocytic nevi
1654,1654.jpg,Benign keratosis-like lesions
1655,1655.jpg,Melanocytic nevi
1656,1656.jpg,Basal cell carcinoma
1657,1657.jpg,Dermatofibroma
1658,1658.jpg,Vascular lesions
1659,1659.jpg,Melanocytic nevi
1660,1660.jpg,Vascular lesions
1661,1661.jpg,Basal cell carcinoma
1662,1662.jpg,Benign keratosis-like lesions
1663,1663.jpg,Benign keratosis-like lesions
1664,1664.jpg,Melanocytic nevi
1665,1665.jpg,Vascular lesions
1666,1666.jpg,Basal cell carcinoma
1667,1667.jpg,Melanocytic nevi
1668,1668.jpg,Vascular lesions
1669,1669.jpg,Basal cell carcinoma
1670,1670.jpg,Melanocytic nevi
1671,1671.jpg,Vascular lesions
1672,1672.jpg,Vascular lesions
1673,1673.jpg,Dermatofibroma
1674,1674.jpg,Vascular lesions
1675,1675.jpg,Melanocytic nevi
1676,1676.jpg,Vascular lesions
1677,1677.jpg,Melanocytic nevi
1678,1678.jpg,Benign keratosis-like lesions
1679,1679.jpg,Basal cell carcinoma
1680,1680.jpg,Dermatofibroma
1681,1681.jpg,Benign keratosis-like lesions
1682,1682.jpg,Basal cell carcinoma
1683,1683.jpg,Melanocytic nevi
1684,1684.jpg,Basal cell carcinoma
1685,1685.jpg,Actinic keratoses and intraepithelial carcinoma
1686,1686.jpg,Melanocytic nevi
1687,1687.jpg,Benign keratosis-like lesions
1688,1688.jpg,Basal cell carcinoma
1689,1689.jpg,Melanocytic nevi
1690,1690.jpg,Benign keratosis-like lesions
1691,1691.jpg,Basal cell carcinoma
1692,1692.jpg,Vascular lesions
1693,1693.jpg,Melanocytic nevi
1694,1694.jpg,Melanocytic nevi
1695,1695.jpg,Vascular lesions
1696,1696.jpg,Melanocytic nevi
1697,1697.jpg,Benign keratosis-like lesions
1698,1698.jpg,Basal cell carcinoma
1699,1699.jpg,Vascular lesions
1700,1700.jpg,Melanocytic nevi
1701,1701.jpg,Melanocytic nevi
1702,1702.jpg,Actinic keratoses and intraepithelial carcinoma
1703,1703.jpg,Vascular lesions
1704,1704.jpg,Melanocytic nevi
1705,1705.jpg,Melanocytic nevi
1706,1706.jpg,Melanocytic nevi
1707,1707.jpg,Benign keratosis-like lesions
1708,1708.jpg,Benign keratosis-like lesions
1709,1709.jpg,Melanocytic nevi
1710,1710.jpg,Actinic keratoses and intraepithelial carcinoma
1711,1711.jpg,Melanocytic nevi
1712,1712.jpg,Melanocytic nevi
1713,1713.jpg,Benign keratosis-like lesions
1714,1714.jpg,Melanocytic nevi
1715,1715.jpg,Dermatofibroma
1716,1716.jpg,Melanocytic nevi
1717,1717.jpg,Basal cell carcinoma
1718,1718.jpg,Actinic keratoses and intraepithelial carcinoma
1719,1719.jpg,Benign keratosis-like lesions
1720,1720.jpg,Melanoma
1721,1721.jpg,Melanocytic nevi
1722,1722.jpg,Melanocytic nevi
1723,1723.jpg,Melanocytic nevi
1724,1724.jpg,Benign keratosis-like lesions
1725,1725.jpg,Actinic keratoses and intraepithelial carcinoma
1726,1726.jpg,Actinic keratoses and intraepithelial carcinoma
1727,1727.jpg,Melanocytic nevi
1728,1728.jpg,Benign keratosis-like lesions
1729,1729.jpg,Melanocytic nevi
1730,1730.jpg,Vascular lesions
1731,1731.jpg,Melanocytic nevi
1732,1732.jpg,Melanocytic nevi
1733,1733.jpg,Basal cell carcinoma
1734,1734.jpg,Melanoma
1735,1735.jpg,Melanocytic nevi
1736,1736.jpg,Melanocytic nevi
1737,1737.jpg,Melanocytic nevi
1738,1738.jpg,Vascular lesions
1739,1739.jpg,Melanocytic nevi
1740,1740.jpg,Basal cell carcinoma
1741,1741.jpg,Melanocytic nevi
1742,1742.jpg,Benign keratosis-like lesions
1743,1743.jpg,Melanocytic nevi
1744,1744.jpg,Melanocytic nevi
1745,1745.jpg,Actinic keratoses and intraepithelial carcinoma
1746,1746.jpg,Melanocytic nevi
1747,1747.jpg,Dermatofibroma
1748,1748.jpg,Melanocytic nevi
1749,1749.jpg,Basal cell carcinoma
1750,1750.jpg,Melanocytic nevi
1751,1751.jpg,Benign keratosis-like lesions
1752,1752.jpg,Melanocytic nevi
1753,1753.jpg,Benign keratosis-like lesions
1754,1754.jpg,Benign keratosis-like lesions
1755,1755.jpg,Melanocytic nevi
1756,1756.jpg,Basal cell carcinoma
1757,1757.jpg,Dermatofibroma
1758,1758.jpg,Basal cell carcinoma
1759,1759.jpg,Melanocytic nevi
1760,1760.jpg,Melanocytic nevi
1761,1761.jpg,Benign keratosis-like lesions
1762,1762.jpg,Melanocytic nevi
1763,1763.jpg,Melanocytic nevi
1764,1764.jpg,Melanocytic nevi
1765,1765.jpg,Melanocytic nevi
1766,1766.jpg,Basal cell carcinoma
1767,1767.jpg,Melanocytic nevi
1768,1768.jpg,Melanocytic nevi
1769,1769.jpg,Melanocytic nevi
1770,1770.jpg,Melanocytic nevi
1771,1771.jpg,Vascular lesions
1772,1772.jpg,Melanocytic nevi
1773,1773.jpg,Vascular lesions
1774,1774.jpg,Melanocytic nevi
1775,1775.jpg,Vascular lesions
1776,1776.jpg,Benign keratosis-like lesions
1777,1777.jpg,Melanocytic nevi
1778,1778.jpg,Melanocytic nevi
1779,1779.jpg,Basal cell carcinoma
1780,1780.jpg,Melanocytic nevi
1781,1781.jpg,Melanocytic nevi
1782,1782.jpg,Melanocytic nevi
1783,1783.jpg,Benign keratosis-like lesions
1784,1784.jpg,Actinic keratoses and intraepithelial carcinoma
1785,1785.jpg,Benign keratosis-like lesions
1786,1786.jpg,Vascular lesions
1787,1787.jpg,Basal cell carcinoma
1788,1788.jpg,Basal cell carcinoma
1789,1789.jpg,Melanocytic nevi
1790,1790.jpg,Melanocytic nevi
1791,1791.jpg,Basal cell carcinoma
1792,1792.jpg,Melanocytic nevi
1793,1793.jpg,Melanocytic nevi
1794,1794.jpg,Vascular lesions
1795,1795.jpg,Dermatofibroma
1796,1796.jpg,Melanocytic nevi
1797,1797.jpg,Actinic keratoses and intraepithelial carcinoma
1798,1798.jpg,Benign keratosis-like lesions
1799,1799.jpg,Melanocytic nevi
1800,1800.jpg,Melanocytic nevi
1801,1801.jpg,Benign keratosis-like lesions
1802,1802.jpg,Basal cell carcinoma
1803,1803.jpg,Melanocytic nevi
1804,1804.jpg,Actinic keratoses and intraepithelial carcinoma
1805,1805.jpg,Basal cell carcinoma
1806,1806.jpg,Basal cell carcinoma
1807,1807.jpg,Benign keratosis-like lesions
1808,1808.jpg,Melanocytic nevi
1809,1809.jpg,Basal cell carcinoma
1810,1810.jpg,Dermatofibroma
1811,1811.jpg,Vascular lesions
1812,1812.jpg,Melanocytic nevi
1813,1813.jpg,Basal cell carcinoma
1814,1814.jpg,Melanocytic nevi
1815,1815.jpg,Melanocytic nevi
1816,1816.jpg,Melanocytic nevi
1817,1817.jpg,Melanocytic nevi
1818,1818.jpg,Melanocytic nevi
1819,1819.jpg,Benign keratosis-like lesions
1820,1820.jpg,Benign keratosis-like lesions
1821,1821.jpg,Basal cell carcinoma
1822,1822.jpg,Melanocytic nevi
1823,1823.jpg,Melanocytic nevi
1824,1824.jpg,Melanocytic nevi
1825,1825.jpg,Actinic keratoses and intraepithelial carcinoma
1826,1826.jpg,Vascular lesions
1827,1827.jpg,Melanocytic nevi
1828,1828.jpg,Melanocytic nevi
1829,1829.jpg,Basal cell carcinoma
1830,1830.jpg,Melanocytic nevi
1831,1831.jpg,Melanocytic nevi
1832,1832.jpg,Dermatofibroma
1833,1833.jpg,Benign keratosis-like lesions
1834,1834.jpg,Melanocytic nevi
1835,1835.jpg,Actinic keratoses and intraepithelial carcinoma
1836,1836.jpg,Basal cell carcinoma
1837,1837.jpg,Melanoma
1838,1838.jpg,Melanocytic nevi
1839,1839.jpg,Melanocytic nevi
1840,1840.jpg,Melanocytic nevi
1841,1841.jpg,Benign keratosis-like lesions
1842,1842.jpg,Melanocytic nevi
1843,1843.jpg,Benign keratosis-like lesions
1844,1844.jpg,Melanocytic nevi
1845,1845.jpg,Melanocytic nevi
1846,1846.jpg,Melanocytic nevi
1847,1847.jpg,Melanocytic nevi
1848,1848.jpg,Melanocytic nevi
1849,1849.jpg,Vascular lesions
1850,1850.jpg,Melanocytic nevi
1851,1851.jpg,Dermatofibroma
1852,1852.jpg,Vascular lesions
1853,1853.jpg,Melanocytic nevi
1854,1854.jpg,Basal cell carcinoma
1855,1855.jpg,Benign keratosis-like lesions
1856,1856.jpg,Basal cell carcinoma
1857,1857.jpg,Melanocytic nevi
1858,1858.jpg,Benign keratosis-like lesions
1859,1859.jpg,Dermatofibroma
1860,1860.jpg,Melanocytic nevi
1861,1861.jpg,Melanocytic nevi
1862,1862.jpg,Benign keratosis-like lesions
1863,1863.jpg,Actinic keratoses and intraepithelial carcinoma
1864,1864.jpg,Actinic keratoses and intraepithelial carcinoma
1865,1865.jpg,Vascular lesions
1866,1866.jpg,Vascular lesions
1867,1867.jpg,Benign keratosis-like lesions
1868,1868.jpg,Basal cell carcinoma
1869,1869.jpg,Melanocytic nevi
1870,1870.jpg,Melanocytic nevi
1871,1871.jpg,Basal cell carcinoma
1872,1872.jpg,Benign keratosis-like lesions
1873,1873.jpg,Vascular lesions
1874,1874.jpg,Vascular lesions
1875,1875.jpg,Benign keratosis-like lesions
1876,1876.jpg,Basal cell carcinoma
1877,1877.jpg,Melanocytic nevi
1878,1878.jpg,Vascular lesions
1879,1879.jpg,Benign keratosis-like lesions
1880,1880.jpg,Melanocytic nevi
1881,1881.jpg,Melanocytic nevi
1882,1882.jpg,Benign keratosis-like lesions
1883,1883.jpg,Vascular lesions
1884,1884.jpg,Melanocytic nevi
1885,1885.jpg,Basal cell carcinoma
1886,1886.jpg,Dermatofibroma
1887,1887.jpg,Benign keratosis-like lesions
1888,1888.jpg,Dermatofibroma
1889,1889.jpg,Melanocytic nevi
1890,1890.jpg,Dermatofibroma
1891,1891.jpg,Melanocytic nevi
1892,1892.jpg,Benign keratosis-like lesions
1893,1893.jpg,Melanocytic nevi
1894,1894.jpg,Vascular lesions
1895,1895.jpg,Melanocytic nevi
1896,1896.jpg,Basal cell carcinoma
1897,1897.jpg,Melanoma
1898,1898.jpg,Vascular lesions
1899,1899.jpg,Melanocytic nevi
1900,1900.jpg,Vascular lesions
1901,1901.jpg,Actinic keratoses and intraepithelial carcinoma
1902,1902.jpg,Melanocytic nevi
1903,1903.jpg,Melanocytic nevi
1904,1904.jpg,Dermatofibroma
1905,1905.jpg,Melanocytic nevi
1906,1906.jpg,Vascular lesions
1907,1907.jpg,Melanocytic nevi
1908,1908.jpg,Basal cell carcinoma
1909,1909.jpg,Basal cell carcinoma
1910,1910.jpg,Vascular lesions
1911,1911.jpg,Vascular lesions
1912,1912.jpg,Melanocytic nevi
1913,1913.jpg,Melanocytic nevi
1914,1914.jpg,Basal cell carcinoma
1915,1915.jpg,Melanocytic nevi
1916,1916.jpg,Benign keratosis-like lesions
1917,1917.jpg,Basal cell carcinoma
1918,1918.jpg,Basal cell carcinoma
1919,1919.jpg,Melanocytic nevi
1920,1920.jpg,Melanocytic nevi
1921,1921.jpg,Melanocytic nevi
1922,1922.jpg,Melanocytic nevi
1923,1923.jpg,Melanocytic nevi
1924,1924.jpg,Melanocytic nevi
1925,1925.jpg,Melanocytic nevi
1926,1926.jpg,Vascular lesions
1927,1927.jpg,Benign keratosis-like lesions
1928,1928.jpg,Benign keratosis-like lesions
1929,1929.jpg,Vascular lesions
1930,1930.jpg,Basal cell carcinoma
1931,1931.jpg,Dermatofibroma
1932,1932.jpg,Benign keratosis-like lesions
1933,1933.jpg,Melanocytic nevi
1934,1934.jpg,Melanocytic nevi
1935,1935.jpg,Vascular lesions
1936,1936.jpg,Benign keratosis-like lesions
1937,1937.jpg,Melanocytic nevi
1938,1938.jpg,Benign keratosis-like lesions
1939,1939.jpg,Dermatofibroma
1940,1940.jpg,Benign keratosis-like lesions
1941,1941.jpg,Basal cell carcinoma
1942,1942.jpg,Benign keratosis-like lesions
1943,1943.jpg,Basal cell carcinoma
1944,1944.jpg,Melanocytic nevi
1945,1945.jpg,Melanocytic nevi
1946,1946.jpg,Vascular lesions
1947,1947.jpg,Basal cell carcinoma
1948,1948.jpg,Basal cell carcinoma
1949,1949.jpg,Melanocytic nevi
1950,1950.jpg,Benign keratosis-like lesions
1951,1951.jpg,Melanocytic nevi
1952,1952.jpg,Benign keratosis-like lesions
1953,1953.jpg,Vascular lesions
1954,1954.jpg,Melanocytic nevi
1955,1955.jpg,Benign keratosis-like lesions
1956,1956.jpg,Melanocytic nevi
1957,1957.jpg,Benign keratosis-like lesions
1958,1958.jpg,Dermatofibroma
1959,1959.jpg,Basal cell carcinoma
1960,1960.jpg,Melanocytic nevi
1961,1961.jpg,Melanocytic nevi
1962,1962.jpg,Vascular lesions
1963,1963.jpg,Melanocytic nevi
1964,1964.jpg,Benign keratosis-like lesions
1965,1965.jpg,Melanocytic nevi
1966,1966.jpg,Basal cell carcinoma
1967,1967.jpg,Melanocytic nevi
1968,1968.jpg,Benign keratosis-like lesions
1969,1969.jpg,Vascular lesions
1970,1970.jpg,Melanocytic nevi
1971,1971.jpg,Benign keratosis-like lesions
1972,1972.jpg,Melanocytic nevi
1973,1973.jpg,Basal cell carcinoma
1974,1974.jpg,Melanocytic nevi
1975,1975.jpg,Melanocytic nevi
1976,1976.jpg,Vascular lesions
1977,1977.jpg,Vascular lesions
1978,1978.jpg,Basal cell carcinoma
1979,1979.jpg,Melanocytic nevi
1980,1980.jpg,Benign keratosis-like lesions
1981,1981.jpg,Melanocytic nevi
1982,1982.jpg,Actinic keratoses and intraepithelial carcinoma
1983,1983.jpg,Vascular lesions
1984,1984.jpg,Basal cell carcinoma
1985,1985.jpg,Melanocytic nevi
1986,1986.jpg,Vascular lesions
1987,1987.jpg,Benign keratosis-like lesions
1988,1988.jpg,Melanocytic nevi
1989,1989.jpg,Melanocytic nevi
1990,1990.jpg,Melanocytic nevi
1991,1991.jpg,Vascular lesions
1992,1992.jpg,Basal cell carcinoma
1993,1993.jpg,Melanocytic nevi
1994,1994.jpg,Vascular lesions
1995,1995.jpg,Basal cell carcinoma
1996,1996.jpg,Dermatofibroma
1997,1997.jpg,Actinic keratoses and intraepithelial carcinoma
1998,1998.jpg,Basal cell carcinoma
1999,1999.jpg,Dermatofibroma
2000,2000.jpg,Vascular lesions
2001,2001.jpg,Basal cell carcinoma
2002,2002.jpg,Melanocytic nevi
2003,2003.jpg,Melanocytic nevi
2004,2004.jpg,Melanocytic nevi
